shop,coffee,price,walkability,rating,review
Comet Coffee,Espresso,$$,High,4.8,"Great espresso, pastries, and a classic small downtown coffee experience."
Comet Coffee,Latte,$$,High,4.8,"Great espresso, pastries, and a classic small downtown coffee experience."
Comet Coffee,Cold Brew,$$,High,4.8,"Great espresso, pastries, and a classic small downtown coffee experience."
Comet Coffee,Drip,$$,High,4.8,"Great espresso, pastries, and a classic small downtown coffee experience."
Hyperion Coffee Co.,Espresso,$$,High,4.7,"Specialty coffee and excellent espresso in a modern downtown atmosphere."
Hyperion Coffee Co.,Latte,$$,High,4.7,"Specialty coffee and excellent espresso in a modern downtown atmosphere."
Hyperion Coffee Co.,Cold Brew,$$,High,4.7,"Specialty coffee and excellent espresso in a modern downtown atmosphere."
Hyperion Coffee Co.,Drip,$$,High,4.7,"Specialty coffee and excellent espresso in a modern downtown atmosphere."
RoosRoast Coffee,Espresso,$,Medium,4.6,"Local Ann Arbor favorite known for roasted coffee and a relaxed neighborhood atmosphere."
RoosRoast Coffee,Latte,$,Medium,4.6,"Local Ann Arbor favorite known for roasted coffee and a relaxed neighborhood atmosphere."
RoosRoast Coffee,Cold Brew,$,Medium,4.6,"Local Ann Arbor favorite known for roasted coffee and a relaxed neighborhood atmosphere."
RoosRoast Coffee,Drip,$,Medium,4.6,"Local Ann Arbor favorite known for roasted coffee and a relaxed neighborhood atmosphere."
Vertex Coffee Roasters,Espresso,$$,High,4.5,"Specialty coffee near campus with excellent espresso and convenient walkability."
Vertex Coffee Roasters,Latte,$$,High,4.5,"Specialty coffee near campus with excellent espresso and convenient walkability."
Vertex Coffee Roasters,Cold Brew,$$,High,4.5,"Specialty coffee near campus with excellent espresso and convenient walkability."
Vertex Coffee Roasters,Drip,$$,High,4.5,"Specialty coffee near campus with excellent espresso and convenient walkability."
M-36 Coffee Roasters,Espresso,$$,High,4.6,"Local roaster close to campus with specialty coffee and a comfortable study atmosphere."
M-36 Coffee Roasters,Latte,$$,High,4.6,"Local roaster close to campus with specialty coffee and a comfortable study atmosphere."
M-36 Coffee Roasters,Cold Brew,$$,High,4.6,"Local roaster close to campus with specialty coffee and a comfortable study atmosphere."
M-36 Coffee Roasters,Drip,$$,High,4.6,"Local roaster close to campus with specialty coffee and a comfortable study atmosphere."
Dozer Coffee,Espresso,$$,Medium,4.7,"Local roastery cafe with specialty coffee, food, and plenty of space to relax."
Dozer Coffee,Latte,$$,Medium,4.7,"Local roastery cafe with specialty coffee, food, and plenty of space to relax."
Dozer Coffee,Cold Brew,$$,Medium,4.7,"Local roastery cafe with specialty coffee, food, and plenty of space to relax."
Dozer Coffee,Drip,$$,Medium,4.7,"Local roastery cafe with specialty coffee, food, and plenty of space to relax."
Black Diesel Coffee,Espresso,$$,Medium,4.6,"Local specialty coffee shop with roasted coffee and a neighborhood atmosphere."
Black Diesel Coffee,Latte,$$,Medium,4.6,"Local specialty coffee shop with roasted coffee and a neighborhood atmosphere."
Black Diesel Coffee,Cold Brew,$$,Medium,4.6,"Local specialty coffee shop with roasted coffee and a neighborhood atmosphere."
Black Diesel Coffee,Drip,$$,Medium,4.6,"Local specialty coffee shop with roasted coffee and a neighborhood atmosphere."
The Common Cup,Espresso,$,High,4.5,"Affordable coffeehouse near campus with lots of seating and a relaxed study environment."
The Common Cup,Latte,$,High,4.5,"Affordable coffeehouse near campus with lots of seating and a relaxed study environment."
The Common Cup,Cold Brew,$,High,4.5,"Affordable coffeehouse near campus with lots of seating and a relaxed study environment."
The Common Cup,Drip,$,High,4.5,"Affordable coffeehouse near campus with lots of seating and a relaxed study environment."
Cahoots Cafe,Espresso,$$,High,4.5,"Downtown cafe serving Hyperion coffee with pastries, food, and a comfortable atmosphere."
Cahoots Cafe,Latte,$$,High,4.5,"Downtown cafe serving Hyperion coffee with pastries, food, and a comfortable atmosphere."
Cahoots Cafe,Cold Brew,$$,High,4.5,"Downtown cafe serving Hyperion coffee with pastries, food, and a comfortable atmosphere."
Cahoots Cafe,Drip,$$,High,4.5,"Downtown cafe serving Hyperion coffee with pastries, food, and a comfortable atmosphere."
Lab Cafe,Espresso,$$,High,4.5,"Creative downtown cafe known for specialty drinks and a modern atmosphere."
Lab Cafe,Latte,$$,High,4.5,"Creative downtown cafe known for specialty drinks and a modern atmosphere."
Lab Cafe,Cold Brew,$$,High,4.5,"Creative downtown cafe known for specialty drinks and a modern atmosphere."
Lab Cafe,Drip,$$,High,4.5,"Creative downtown cafe known for specialty drinks and a modern atmosphere."
Literati Coffee,Espresso,$$,High,4.4,"Downtown coffee shop located near the Literati bookstore with a relaxed atmosphere."
Literati Coffee,Latte,$$,High,4.4,"Downtown coffee shop located near the Literati bookstore with a relaxed atmosphere."
Literati Coffee,Cold Brew,$$,High,4.4,"Downtown coffee shop located near the Literati bookstore with a relaxed atmosphere."
Literati Coffee,Drip,$$,High,4.4,"Downtown coffee shop located near the Literati bookstore with a relaxed atmosphere."
Sweetwaters Coffee & Tea,Espresso,$$,High,4.4,"Popular Ann Arbor cafe with coffee, tea, food, and convenient downtown locations."
Sweetwaters Coffee & Tea,Latte,$$,High,4.4,"Popular Ann Arbor cafe with coffee, tea, food, and convenient downtown locations."
Sweetwaters Coffee & Tea,Cold Brew,$$,High,4.4,"Popular Ann Arbor cafe with coffee, tea, food, and convenient downtown locations."
Sweetwaters Coffee & Tea,Drip,$$,High,4.4,"Popular Ann Arbor cafe with coffee, tea, food, and convenient downtown locations."
Argus Farm Stop,Espresso,$$,Medium,4.5,"Local market and cafe featuring Michigan products and a comfortable place to stop for coffee."
Argus Farm Stop,Latte,$$,Medium,4.5,"Local market and cafe featuring Michigan products and a comfortable place to stop for coffee."
Argus Farm Stop,Cold Brew,$$,Medium,4.5,"Local market and cafe featuring Michigan products and a comfortable place to stop for coffee."
Argus Farm Stop,Drip,$$,Medium,4.5,"Local market and cafe featuring Michigan products and a comfortable place to stop for coffee."
Zingerman's Coffee Company,Espresso,$$,Low,4.7,"Local Ann Arbor coffee company offering roasted coffee and a destination-style experience."
Zingerman's Coffee Company,Latte,$$,Low,4.7,"Local Ann Arbor coffee company offering roasted coffee and a destination-style experience."
Zingerman's Coffee Company,Cold Brew,$$,Low,4.7,"Local Ann Arbor coffee company offering roasted coffee and a destination-style experience."
Zingerman's Coffee Company,Drip,$$,Low,4.7,"Local Ann Arbor coffee company offering roasted coffee and a destination-style experience."
Songbird Cafe,Espresso,$$,Medium,4.6,"Neighborhood cafe with espresso drinks, cold brew, pastries, and comfortable seating."
Songbird Cafe,Latte,$$,Medium,4.6,"Neighborhood cafe with espresso drinks, cold brew, pastries, and comfortable seating."
Songbird Cafe,Cold Brew,$$,Medium,4.6,"Neighborhood cafe with espresso drinks, cold brew, pastries, and comfortable seating."
Songbird Cafe,Drip,$$,Medium,4.6,"Neighborhood cafe with espresso drinks, cold brew, pastries, and comfortable seating."
Socotra Coffee House,Espresso,$$,Medium,4.6,"Neighborhood coffee house offering specialty coffee and a relaxed atmosphere."
Socotra Coffee House,Latte,$$,Medium,4.6,"Neighborhood coffee house offering specialty coffee and a relaxed atmosphere."
Socotra Coffee House,Cold Brew,$$,Medium,4.6,"Neighborhood coffee house offering specialty coffee and a relaxed atmosphere."
Socotra Coffee House,Drip,$$,Medium,4.6,"Neighborhood coffee house offering specialty coffee and a relaxed atmosphere."
Hazel Coffee Co.,Espresso,$$,Medium,4.5,"Neighborhood coffee shop offering specialty drinks in a comfortable local setting."
Hazel Coffee Co.,Latte,$$,Medium,4.5,"Neighborhood coffee shop offering specialty drinks in a comfortable local setting."
Hazel Coffee Co.,Cold Brew,$$,Medium,4.5,"Neighborhood coffee shop offering specialty drinks in a comfortable local setting."
Hazel Coffee Co.,Drip,$$,Medium,4.5,"Neighborhood coffee shop offering specialty drinks in a comfortable local setting."
Misfit Society Coffee Club,Espresso,$$,High,4.5,"Campus-area coffee club with specialty coffee and a comfortable social atmosphere."
Misfit Society Coffee Club,Latte,$$,High,4.5,"Campus-area coffee club with specialty coffee and a comfortable social atmosphere."
Misfit Society Coffee Club,Cold Brew,$$,High,4.5,"Campus-area coffee club with specialty coffee and a comfortable social atmosphere."
Misfit Society Coffee Club,Drip,$$,High,4.5,"Campus-area coffee club with specialty coffee and a comfortable social atmosphere."
Venue Coffee,Espresso,$$,Low,4.4,"Coffee shop on the south side offering specialty coffee and a convenient stop for drivers."
Venue Coffee,Latte,$$,Low,4.4,"Coffee shop on the south side offering specialty coffee and a convenient stop for drivers."
Venue Coffee,Cold Brew,$$,Low,4.4,"Coffee shop on the south side offering specialty coffee and a convenient stop for drivers."
Venue Coffee,Drip,$$,Low,4.4,"Coffee shop on the south side offering specialty coffee and a convenient stop for drivers."
Cupsnchai,Espresso,$$,High,4.5,"Cafe near campus offering coffee and chai with a casual atmosphere."
Cupsnchai,Latte,$$,High,4.5,"Cafe near campus offering coffee and chai with a casual atmosphere."
Cupsnchai,Cold Brew,$$,High,4.5,"Cafe near campus offering coffee and chai with a casual atmosphere."
Cupsnchai,Drip,$$,High,4.5,"Cafe near campus offering coffee and chai with a casual atmosphere."
Espresso Royale,Espresso,$,High,4.4,"Classic Ann Arbor coffee shop with affordable espresso drinks and a central location."
Espresso Royale,Latte,$,High,4.4,"Classic Ann Arbor coffee shop with affordable espresso drinks and a central location."
Espresso Royale,Cold Brew,$,High,4.4,"Classic Ann Arbor coffee shop with affordable espresso drinks and a central location."
Espresso Royale,Drip,$,High,4.4,"Classic Ann Arbor coffee shop with affordable espresso drinks and a central location."
Moka & Co,Espresso,$$,High,4.5,"Downtown cafe offering espresso drinks and a convenient location for coffee stops."
Moka & Co,Latte,$$,High,4.5,"Downtown cafe offering espresso drinks and a convenient location for coffee stops."
Moka & Co,Cold Brew,$$,High,4.5,"Downtown cafe offering espresso drinks and a convenient location for coffee stops."
Moka & Co,Drip,$$,High,4.5,"Downtown cafe offering espresso drinks and a convenient location for coffee stops."
Hayati Coffee,Espresso,$$,Medium,4.6,"Local coffee shop offering specialty coffee and a neighborhood atmosphere."
Hayati Coffee,Latte,$$,Medium,4.6,"Local coffee shop offering specialty coffee and a neighborhood atmosphere."
Hayati Coffee,Cold Brew,$$,Medium,4.6,"Local coffee shop offering specialty coffee and a neighborhood atmosphere."
Hayati Coffee,Drip,$$,Medium,4.6,"Local coffee shop offering specialty coffee and a neighborhood atmosphere."
1824 Cocktails & Coffee,Espresso,$$,High,4.4,"Downtown coffee and cocktail spot offering espresso drinks in a social atmosphere."
1824 Cocktails & Coffee,Latte,$$,High,4.4,"Downtown coffee and cocktail spot offering espresso drinks in a social atmosphere."
1824 Cocktails & Coffee,Cold Brew,$$,High,4.4,"Downtown coffee and cocktail spot offering espresso drinks in a social atmosphere."
1824 Cocktails & Coffee,Drip,$$,High,4.4,"Downtown coffee and cocktail spot offering espresso drinks in a social atmosphere."
Curious Coffee,Espresso,$$,High,4.5,"Downtown coffee shop offering specialty drinks in a convenient central location."
Curious Coffee,Latte,$$,High,4.5,"Downtown coffee shop offering specialty drinks in a convenient central location."
Curious Coffee,Cold Brew,$$,High,4.5,"Downtown coffee shop offering specialty drinks in a convenient central location."
Curious Coffee,Drip,$$,High,4.5,"Downtown coffee shop offering specialty drinks in a convenient central location."
Ann Arbor Coffee Roasting Company,Espresso,$$,High,4.5,"Local Ann Arbor coffee shop with roasted coffee and a convenient central location."
Ann Arbor Coffee Roasting Company,Latte,$$,High,4.5,"Local Ann Arbor coffee shop with roasted coffee and a convenient central location."
Ann Arbor Coffee Roasting Company,Cold Brew,$$,High,4.5,"Local Ann Arbor coffee shop with roasted coffee and a convenient central location."
Ann Arbor Coffee Roasting Company,Drip,$$,High,4.5,"Local Ann Arbor coffee shop with roasted coffee and a convenient central location."
Haraz Coffee House,Espresso,$$,High,4.6,"Coffee house offering espresso drinks and a welcoming downtown atmosphere."
Haraz Coffee House,Latte,$$,High,4.6,"Coffee house offering espresso drinks and a welcoming downtown atmosphere."
Haraz Coffee House,Cold Brew,$$,High,4.6,"Coffee house offering espresso drinks and a welcoming downtown atmosphere."
Haraz Coffee House,Drip,$$,High,4.6,"Coffee house offering espresso drinks and a welcoming downtown atmosphere."
Shinola Cafe,Espresso,$$,High,4.4,"Downtown cafe with comfortable seating and a stylish atmosphere."
Shinola Cafe,Latte,$$,High,4.4,"Downtown cafe with comfortable seating and a stylish atmosphere."
Shinola Cafe,Cold Brew,$$,High,4.4,"Downtown cafe with comfortable seating and a stylish atmosphere."
Shinola Cafe,Drip,$$,High,4.4,"Downtown cafe with comfortable seating and a stylish atmosphere."
Lab Cafe,Espresso,$$,High,4.5,"Creative cafe known for specialty drinks and a modern downtown atmosphere."
Lab Cafe,Latte,$$,High,4.5,"Creative cafe known for specialty drinks and a modern downtown atmosphere."
Lab Cafe,Cold Brew,$$,High,4.5,"Creative cafe known for specialty drinks and a modern downtown atmosphere."
Lab Cafe,Drip,$$,High,4.5,"Creative cafe known for specialty drinks and a modern downtown atmosphere."
